{"cameraMode":{"drawMode":0,"name":"Shaded","section":"Shading Mode"},"sceneLighting":false,"audioPlay":false,"sceneViewState":{"showFog":false,"showMaterialUpdate":false,"showSkybox":false,"showFlares":false,"showImageEffects":false,"showParticleSystems":false},"in2DMode":false,"pivot":{"x":84.83208465576172,"y":-818.0943603515625,"z":-221.4759979248047},"rotation":{"x":0.019266314804553987,"y":-0.816458523273468,"z":0.5774898529052734,"w":0.02766067162156105},"size":662.0478515625,"orthographic":false}