{"cameraMode":{"drawMode":0,"name":"Shaded","section":"Shading Mode"},"sceneLighting":false,"audioPlay":false,"sceneViewState":{"showFog":false,"showMaterialUpdate":false,"showSkybox":false,"showFlares":false,"showImageEffects":false,"showParticleSystems":false},"in2DMode":false,"pivot":{"x":26.653030395507814,"y":102.89892578125,"z":-0.008848190307617188},"rotation":{"x":0.1695614755153656,"y":-0.7146497964859009,"z":0.18541443347930909,"w":0.6537988185882568},"size":1.109379768371582,"orthographic":false}