{"cameraMode":{"drawMode":0,"name":"Shaded","section":"Shading Mode"},"sceneLighting":false,"audioPlay":false,"sceneViewState":{"showFog":false,"showMaterialUpdate":false,"showSkybox":true,"showFlares":false,"showImageEffects":false,"showParticleSystems":false},"in2DMode":false,"pivot":{"x":-197.98800659179688,"y":51.805763244628909,"z":431.1969299316406},"rotation":{"x":0.2563912272453308,"y":-0.6499523520469666,"z":0.24884679913520814,"w":0.6717696785926819},"size":3.243844747543335,"orthographic":false}