{"cameraMode":{"drawMode":0,"name":"Shaded","section":"Shading Mode"},"sceneLighting":false,"audioPlay":false,"sceneViewState":{"showFog":false,"showMaterialUpdate":false,"showSkybox":false,"showFlares":false,"showImageEffects":false,"showParticleSystems":false},"in2DMode":false,"pivot":{"x":43.18416976928711,"y":65.74181365966797,"z":27.377437591552736},"rotation":{"x":0.30586087703704836,"y":-0.5157526135444641,"z":0.2034459263086319,"w":0.7747839093208313},"size":4.8354811668396,"orthographic":false}